GMCSierraEV,43M views
wedding,78.6B views
mrmctiktok,166.8M views
mrandmrsmctiktok,25.6M views
theschoolforgoodandevil,273.4M views
halloween,115.4B views
singingtexttospeech,1.7B views
greenscreen,1148.6B views
onethingaboutme,1.6B views
periodahhperioduhh,318M views
pumkin,363.6M views
bestbuypartner,140M views
gaming,334B views
theschoolforgoodandevil,273.5M views
pumkin,363.7M views
IEMcertified,50.3M views
mattykay,141.5M views
ziprecruiterpartner,107.5M views
putziprecruitertoworkforyou,70.3M views
pooldesign,147.4M views
views,38B views
poolcontractor,20.4M views
tiktok,3869.5B views
viral,11578.3B views
murciio,152.7M views
PreyForTheDevil,90.7M views
fypã‚·,10993.8B views
onlygoats,1.7B views
police,76.3B views
fyp,31656.2B views
clown,15.3B views
foryou,19447.6B views
spirithalloween,1.2B views
costume,10.1B views
hunteranddevin,1.2B views
wifereacts,469.1M views
GMCSierraEV,43.1M views
Denali,682.7M views
teacherlife,12.3B views
mrmctiktok,167M views
mrandmrsmctiktok,25.8M views
theschoolforgoodandevil,277.8M views
periodahh,1.1B views
halloween,115.8B views
greenscreen,1148.9B views
pumkin,364.6M views
periodahhperioduhh,318.8M views
bestbuypartner,141.3M views
gaming,334.1B views
IEMcertified,50.8M views
mattykay,142.1M views
ziprecruiterpartner,107.9M views
putziprecruitertoworkforyou,70.7M views
pooldesign,147.6M views
poolcontractor,20.5M views
tiktok,3870.9B views
viral,11583B views
PreyForTheDevil,92.2M views
murciio,153.7M views
fypã‚·,10999.1B views
fyp,31668.8B views
foryou,19454B views
costume,10.2B views
wifereacts,469.4M views
southernwife,28.3M views
iu,11.9B views
piano,22.1B views
drdre,2.4B views
michaelmyers,5B views
indiana,5.5B views
hoosier,129.4M views
halloween2022,5.5B views
lips,12.9B views
hylauronpen,27.6M views
automotive,4.8B views
surprise,42.4B views
diy,225.5B views
cars,113.6B views
greenscreenvideo,369.1B views
howto,65.7B views
swiffer,474.6M views
BEHRToDIYFor,86M views
UnexplainablyJuicy,150.9M views
swifferpartner,597.9M views
rollabletech,14M views
LenovoTechWorld,15M views
motorola,1.4B views
stitch,865.5B views
browtutorial,874.3M views
hey,6.3B views
browhack,192M views
yes,13.8B views
teacher,45.6B views
math,18.7B views
fypage,925.8B views
humpday,1B views
band,7.4B views
fyp,31669.9B views
marchingband,2.2B views
practice,6B views
mrandmrsmctiktok,25.9M views
mrmctiktok,167.1M views
ship,14.8B views
relationshipgoals,38.7B views
marievsmctiktok,4.5M views
forme,5.9B views
dayinalife,154.7M views
teacherprank,60.1M views
wholesome,33.6B views
iloveyouguys,275.7M views
thankyou,34.6B views
itstheforme,364.4M views
teachervsstudent,98.3M views
roast,8.2B views
students,6.7B views
highschool,
middleschool,6.6B views
truestory,30.3B views
itsforme,117.1M views
school,142.8B views
teachersvsstudents,65.1M views
judas,562.8M views
amongus,66.8B views
shipthemtogether,3.6M views
schooladventures,18.8M views
thingsmystudentssay,29.7M views
studentlife,5B views
makingstudentslaugh,4.4M views
teachersoftiktok,35.5B views
fail,172.5B views
cattleyasita,443.3M views
proposal,11.1B views
weddingtiktok,27.2B views
causeibethebaddieb,77.4M views
brideandgroom,683M views
Wedding,78.6B views
Wap,23.8B views
flashmob,670.9M views
viral,11583.7B views
dance,481.8B views
bollywood,98.3B views
engagement,
thisphoto,814.5M views
weddingday,11.5B views
desibride,3.5B views
food,393.1B views
cake,61.5B views
tiktokbakeoff,1.4B views
tiktokfood,82.4B views
sugarcookies,1.1B views
cool,85B views
tiktokhot,7.8B views
blindfirstlook,25.6M views
bride,20.5B views
groom,3.4B views
firstlook,1.9B views
loveisblind,1.1B views
weddingproposal,245.6M views
1stpost,89.5M views
nocluewhatimdoing,75.8M views
shesaidyes,948.8M views
maidofhonor,1.2B views
love,926B views
unionofthejedi,24.1M views
jedi,5.1B views
fypã‚·,10999.9B views
starwars,60B views
weddingtok,4.2B views
nz,19B views
missingyou,2.5B views
fuckcancer,2.8B views
plane,
ring,12B views
avion,5B views
pourtoi,
pourtoi,880.6B views
wow,143.5B views
weddingvideo,2.8B views
foryou,19455B views
dadfirstlook,47.9M views
weddings,4.1B views
marriage,44B views
foryourpages,8.8B views
theschoolforgoodandevil,278.3M views
netflix,159.9B views
sophie,774.6M views
agatha,346.8M views
theschoolforgoodandevilmovie,39.4M views
wish,4.2B views
movie,287.4B views
goodandevil,73.5M views
thewishfish,8.2M views
wishfish,17.3M views
theschoolforgoodandeviledits,29.2M views
magical,3.1B views
magic,
magic,119.9B views
fantasy,9B views
princess,21.6B views
theschoolforgoodandeviledit,68.1M views
contosdefada,12.7M views
vpfybct,62.1M views
fyy,162.4B views
vpfy,163.7M views
aescoladobemedomal,101.8M views
sofiawylie,226.3M views
DidYouYawn,22.4B views
netflixbrasil,
netflixbrasil,3.5B views
felizesparasempre,32.9M views
sophieofgavaldon,13.6M views
agathaofgavaldon,11.9M views
aftereffectsedit,379.6M views
reactions,9.4B views
audiosparatiktok,2.7B views
criticones,49.8M views
parati,4847B views
laescueladelbienydelmal,16.7M views
foryoupage,12300.9B views
willbyyeers,9.5M views
SofiaWylie,226.3M views
TheSchoolForGoodAndEvil,278.4M views
KerryWashington,130.1M views
charlizetheron,271.5M views
periodahhperioduhh,318.9M views
greenscreen,1149B views
halloween,
pumkin,364.8M views
brittbarbie,249.6M views
video,344.4B views
funny,2363.6B views
live,59.7B views
boyaintnowaykid,
britbarbie,32.6M views
brittbarbie22,355.2M views
zodiacsigns,
spongebob,32.6B views
affirmations,8.4B views
boosie,639.6M views
wheredoesmyhair,79.8M views
chadi,27.2M views
edit,631.6B views
joke,150B views
imissmybestfriend,29.9M views
aftereffects,23.6B views
bhadbhabie,1.9B views
edits,105.6B views
musicsrae,19.6M views
ghostblanket,17.3M views
halloween2022,5.5B views
halloweenhaul,
halloweenhunting,30.3M views
halloweenhaul2022,3.8M views
halloweendecor,2B views
spookyseason,12.2B views
halloweendecorations,443.9M views
halloweenishere,4.5B views
pumpkindecor,46.2M views
ghostfind,843.7K views
halloweenfinds,74.5M views
witches,1.8B views
Salem,1.1B views
DisneyMusic,334.5M views
DisneyPlus,14.3B views
SarahJessicaParker,406M views
HocusPocus2,
HocusPocus,2.6B views
FYP,31671.6B views
halloweentiktok,692.2M views
sandersonsisters,526.5M views
JohnDebney,3.4M views
thesandersonsisters,
KathyNajimy,98.9M views
NewMusic,10.4B views
BetteMidler,191.8M views
disneyland,
nightmarebeforechristmas,2B views
pressonnails,4.7B views
artist,103.1B views
glowinthedark,953.8M views
glownails,16.5M views
disneyworld,12.7B views
arttok,12.5B views
dapperdans,20.5M views
nails,104B views
nailart,32B views
disneynails,118.3M views
mickeymouse,7.6B views
tiktokartist,6.3B views
mickeyshalloweenparty,7.1M views
diy,225.5B views
artsandcrafts,1.6B views
artistsoftiktok,34.1B views
halloweeninjuly,31.9M views
halloweeneveryday,100.1M views
isithalloweenyet,9.7M views
halloween365,57.5M views
halloweenlook,11.2B views
thisishalloween,3.4B views
halloweenshopping,55.2M views
spookymonth,297.3M views
codeorange,153.4M views
halloweentown,415.6M views
halloweenhome,52.1M views
halloweencheck,79.4M views
halloweenaesthetic,173M views
spookytreats,4.1B views
halloweenallyear,
homedecor,25.1B views
itshalloweentime,9.4M views
keepitspooky,5.3M views
halloweencountdown,1.8B views
halloweenvibe,1B views
halloweenvibes,1B views
halloweenathogwarts,8.2M views
autumnvibes,1.3B views
halloweeniscoming,201.3M views
autumn,6.4B views
autumnaesthetic,647.3M views
fallaesthetic,4.7B views
octobertiktok,141.5M views
octobermood,651.2M views
fall,21.2B views
october,5B views
fallvibes,1.6B views
pumpkinpatch,512.1M views
mickeypumpkin,
disneyhalloween,328.3M views
pumpkin,6.1B views
cakesicles,445.3M views
BigInkEnergy,12.6B views
fy,3852.5B views
spooky,21.4B views
strangerthings,115.1B views
tiktokhalloween,
spookyszn,1.9B views
drawing,130.8B views
ghost,37.8B views
cute,315.5B views
ink,
tattooideas,10.8B views
spirithalloween,1.2B views
horrormovie,4.7B views
falldecor,1B views
shopwithme,2.6B views
horror,101.5B views
ðŸŽƒ,479M views
bathandbodyworks,1.8B views
homegoods,2.8B views
raedunn,
stitchmerch,25.4M views
stitchcookiejar,5.2M views
liloandstitch,2.4B views
stitchlover,182.7M views
homegoodshalloween,23.1M views
disneyhaul,76.7M views
disneystuff,18.5M views
disneyfinds,131.1M views
happyhalloween,10.1B views
everydayishalloween,116.8M views
spookydecor,51.9M views
spookychallenge,
dancingghost,16.5M views
besties,24.1B views
halloweencostume,6.5B views
kimpossible,1B views
shego,448.7M views
diyproject,20.1B views
paintok,5.3B views
greenscreenvideo,369.1B views
FORDfortheBuilders,11.1B views
FrunktheBeat,12.7B views
smarthome,5.4B views
PerfectPrideMovement,8.6B views
ReadyForHell,10.8B views
ItsGreatOutdoors,12.5B views
smallbusiness,79B views
healthadepopit,10.1B views
AEJeansSoundOn,8.2B views
WorldPrincessWeek,11.8B views
lambchop,57.4M views
catsoftiktok,
kittensoftiktok,
cutecatsoftiktok,750.5M views
napping,188.2M views
viralvideo,
iwentviral,
animals,
fish,
waitforit,
books,
dad,
preach,
goodparent,
pride,
gay,
outandproud,
lgbtq,
